process,coefficients
Concept_1,"[np.float64(1.0), np.float64(1.3669553708525912), np.float64(0.6712256039080811), np.float64(0.14097156400127284), np.float64(0.010686284907129745)]"
Concept_2,"[np.float64(1.0), np.float64(0.6921720211295862), np.float64(-0.2740288008165342), np.float64(-0.23422082714707418), np.float64(0.016384736170266676), np.float64(0.02406913028923669), np.float64(0.000188607910358128), np.float64(-0.0007325665725616263)]"
