process,coefficients
Concept_1,"[np.float64(1.0), np.float64(-1.2596940866455084), np.float64(0.5910969932560414), np.float64(-0.12248854794383471), np.float64(0.009460118945968224)]"
Concept_2,"[np.float64(1.0), np.float64(-1.4647623484136263), np.float64(0.15776577900122402), np.float64(0.5397389156419402), np.float64(-0.12515966394061045), np.float64(-0.07424498685859403), np.float64(0.01270938875206983), np.float64(0.004282267816026947)]"
