process,coefficients
Concept_1,"[np.float64(1.0), np.float64(-0.6148040347837079), np.float64(-0.2235432210551233), np.float64(0.03632723517373705), np.float64(0.00992168684178063)]"
Concept_2,"[np.float64(1.0), np.float64(-0.2607942867042843), np.float64(-0.15949502076215685), np.float64(0.021369839341597655), np.float64(0.007392013685182424)]"
