process,coefficients
Concept_1,"[np.float64(1.0), np.float64(1.1251797949961613), np.float64(0.24705442319777648), np.float64(-0.04932976512809021), np.float64(-0.014474060598918892)]"
Concept_2,"[np.float64(1.0), np.float64(-0.005003154048759758), np.float64(-0.41606258976311744), np.float64(-0.02463568911346297), np.float64(0.05078919629769534), np.float64(0.005517692973054229), np.float64(-0.0018302894507275646), np.float64(-0.0002610909686579234)]"
