process,coefficients
Concept_1,"[np.float64(1.0), np.float64(1.8858691211534626), np.float64(1.2663339717813056), np.float64(0.3625385088300899), np.float64(0.03765012301904409)]"
Concept_2,"[np.float64(1.0), np.float64(-1.2867401797986393), np.float64(0.2848646604854055), np.float64(0.10975590201678033), np.float64(-0.02824769758478723)]"
