process,coefficients
Concept_1,"[np.float64(1.0), np.float64(1.9579714466561535), np.float64(1.2831291777541167), np.float64(0.3188181910960868), np.float64(0.026556660661636266)]"
Concept_2,"[np.float64(1.0), np.float64(0.9108283205941755), np.float64(0.06048556910159123), np.float64(-0.09451859676283433), np.float64(-0.017363461969105373)]"
